nombre,cantidad,genero
Abbi,1,F
Abbie,3,F
Abby,129,F
Abi,30,F
Abigail,1149,F
Abril,2082,F
Abryl,7,F
Ada,71,F
Adabel,39,F
Adabella,8,F
Adalis,10,F
Adaluz,23,F
Adara,19,F
Adda,4,F
Adela,95,F
Adelaida,10,F
Adele,11,F
Adelina,42,F
Adhara,6,F
Adolfina,107,F
Adra,1,F
Adria,1,F
Adriana,115,F
Ady,3,F
Afra,15,F
Africa,12,F
Afrika,14,F
Agata,15,F
Agatha,25,F
Agnes,7,F
Agostina,2413,F
Agustina,4129,F
Ahinara,9,F
Ahinoa,1,F
Ahitana,5,F
Aiala,2,F
Aida,17,F
Aidana,1,F
Aien,4,F
Aién,3,F
Aileen,6,F
Ailen,434,F
Ailin,457,F
Ailyn,36,F
Aimara,91,F
Aime,87,F
Aimé,65,F
Aimee,39,F
Aimi,5,F
Aimy,1,F
Aina,15,F
Ainara,375,F
Ainelen,3,F
Ainhara,7,F
Ainhoa,179,F
Ainoa,4,F
Ainoha,7,F
Aira,2,F
Aisha,55,F
Aitana,652,F
Aitanna,1,F
Aithana,2,F
Aitiana,19,F
Aixa,134,F
Akane,2,F
Akemi,17,F
Akira,6,F
Alahi,45,F
Alai,35,F
Alaia,40,F
Alana,57,F
Alanis,45,F
Alanna,5,F
Alay,16,F
Alba,140,F
Albertina,313,F
Aldana,321,F
Alegra,141,F
Alegria,2,F
Aleida,24,F
Alejandra,173,F
Alejandrina,26,F
Aleli,50,F
Alelí,13,F
Alena,21,F
Aleska,1,F
Alessa,2,F
Alessandra,26,F
Alessia,66,F
Alex,514,F
Alexa,46,F
Alexandra,116,F
Alexia,361,F
Alfonsina,1288,F
Alice,33,F
Alicia,92,F
Alin,6,F
Alina,315,F
Aline,26,F
Alis,2,F
Alisa,3,F
Alisha,3,F
Alison,147,F
Alissa,5,F
Alisson,3,F
Alix,1,F
Aliza,5,F
Allegra,589,F
Allison,16,F
Allyson,1,F
Alma,6257,F
Almendra,302,F
Almudena,22,F
Alondra,58,F
Aluhe,8,F
Alumine,38,F
Aluminé,33,F
Alyson,7,F
Alyssa,5,F
Amada,9,F
Amahia,2,F
Amaia,139,F
Amal,5,F
Amalia,545,F
Amancay,95,F
Amanda,796,F
Amapola,23,F
Amara,24,F
Amaranta,12,F
Amarilis,5,F
Amaris,2,F
Amarú,11,F
Amaya,17,F
Ambar,2472,F
Ámbar,1,F
Amber,13,F
Ambra,5,F
Ameli,39,F
Amelí,12,F
Amelia,531,F
Amelie,351,F
Amely,6,F
América,7,F
Ami,8,F
Amiel,8,F
Amina,12,F
Amir,139,F
Amira,208,F
Amma,36,F
Ammy,2,F
Amor,2,F
Amorina,26,F
Amparo,2435,F
Amy,111,F
Ana,1587,F
Anabel,140,F
Anabela,43,F
Anabella,170,F
Anaclara,55,F
Anael,8,F
Anahi,281,F
Anais,5,F
Anaís,5,F
Anali,4,F
Analia,123,F
Analía,60,F
Analuz,155,F
Analy,4,F
Ananda,10,F
Anapaula,10,F
Anastasia,77,F
Anayeli,2,F
Andina,12,F
Andrea,86,F
Andreina,14,F
Ane,4,F
Anelei,15,F
Aneley,51,F
Anette,2,F
Angel,261,F
Angela,422,F
Angeles,416,F
Angelica,80,F
Angelina,1334,F
Angeline,23,F
Angelique,4,F
Angie,90,F
Ani,16,F
Ania,10,F
Anika,9,F
Anita,221,F
Anna,504,F
Annabella,6,F
Anne,5,F
Annette,7,F
Anni,14,F
Annie,14,F
Annika,5,F
Annita,5,F
Anny,3,F
Anthonella,3,F
Antía,3,F
Antonela,321,F
Antonella,2469,F
Antonia,1576,F
Antonieta,23,F
Antonina,26,F
Antonio,1335,F
Anush,11,F
Any,6,F
Anya,12,F
April,8,F
Ara,13,F
Arabella,4,F
Araceli,434,F
Aracely,14,F
Arale,3,F
Arami,29,F
Aramí,1,F
Aramis,19,F
Arantxa,14,F
Arantza,26,F
Aranza,12,F
Areli,48,F
Arelí,2,F
Areliz,2,F
Arely,6,F
Arena,4,F
Aria,13,F
Ariadna,276,F
Ariadne,18,F
Ariana,624,F
Ariane,11,F
Arianna,67,F
Arianne,4,F
Ariel,399,F
Ariela,31,F
Arlet,2,F
Aruma,18,F
Aruna,4,F
Arwen,3,F
Arya,8,F
Aryana,3,F
Ashelen,2,F
Asher,2,F
Ashley,38,F
Ashly,2,F
Ashlyn,3,F
Asia,15,F
Asiri,2,F
Astrid,70,F
Asunción,3,F
Atenas,6,F
Atenea,13,F
Athena,29,F
Athenea,1,F
Athiana,2,F
Athina,86,F
Audrey,2,F
Audry,1,F
Augusta,16,F
Aura,6,F
Aurelia,43,F
Aurora,182,F
Ava,4,F
Avril,511,F
Axia,1,F
Ayelen,244,F
Ayelén,127,F
Ayla,13,F
Ayleen,2,F
Aylen,600,F
Aylim,2,F
Aylin,220,F
Aylín,91,F
Aymar,2,F
Aymara,246,F
Ayme,14,F
Aymé,5,F
Aymee,11,F
Aynara,16,F
Ayni,1,F
Ayra,1,F
Aysha,2,F
Aytana,12,F
Aythana,1,F
Azalea,2,F
Azucena,40,F
Azul,736,F
Azumi,1,F
Bahia,18,F
Bahía,8,F
Bahiana,25,F
Barbara,414,F
Batia,6,F
Batsheva,2,F
Beatriz,46,F
Becca,1,F
Begonia,4,F
Bela,2,F
Belen,544,F
Belha,5,F
Belinda,123,F
Belisario,135,F
Bella,67,F
Benedetta,15,F
Benita,20,F
Benjamín,4,F
Benjamina,5,F
Beraja,1,F
Berenice,359,F
Bernarda,230,F
Bernardina,26,F
Bernardita,566,F
Berta,8,F
Betania,29,F
Bethania,11,F
Bethany,3,F
Betiana,25,F
Bettina,2,F
Betty,1,F
Bianca,4151,F
Bianka,9,F
Blanca,136,F
Bluma,9,F
Braja,2,F
Brandy,2,F
Brenda,658,F
Briana,522,F
Brianna,341,F
Brigitte,13,F
Brina,6,F
Brisa,710,F
Briseida,24,F
Brissa,2,F
Britani,3,F
Britany,43,F
Brithanny,1,F
Brithany,1,F
Britney,4,F
Brittani,1,F
Brittany,21,F
Briza,4,F
Bruna,179,F
Brunela,100,F
Brunella,900,F
Brunilda,1,F
Brunna,1,F
Bryana,6,F
Bryanna,87,F
Caetana,46,F
Cala,64,F
Calanit,1,F
Caliope,2,F
Calixta,5,F
Callia,2,F
Calu,25,F
Camelia,11,F
Camil,5,F
Camila,5628,F
Camille,12,F
Candela,1409,F
Candelaria,1063,F
Canela,67,F
Carina,46,F
Carla,175,F
Carlota,51,F
Carlotta,7,F
Carmela,1227,F
Carmen,82,F
Carmín,2,F
Carmina,43,F
Carol,17,F
Carola,687,F
Carolina,642,F
Caroline,10,F
Casandra,22,F
Cassandra,16,F
Cassiana,1,F
Cataleia,2,F
Cataleya,4,F
Catalina,12384,F
Catarina,89,F
Catena,1,F
Caterina,217,F
Catharina,3,F
Catherina,35,F
Catherine,47,F
Cattaleya,1,F
Cayetana,35,F
Cecilia,170,F
Ceferina,4,F
Celena,23,F
Celene,50,F
Celeste,540,F
Celestina,24,F
Celia,20,F
Celina,623,F
Celine,20,F
Céline,1,F
Cesia,19,F
Chabela,52,F
Chanel,3,F
Chantal,9,F
Charis,6,F
Charlene,1,F
Charlize,3,F
Charlott,1,F
Charlotte,63,F
Charo,1018,F
Chavela,56,F
Chelsea,4,F
Chiara,419,F
Chloe,242,F
Christine,1,F
Ciana,5,F
Ciara,57,F
Cielo,167,F
Cindy,88,F
Cinthia,69,F
Cinthya,1,F
Cintia,121,F
Cipriana,5,F
Cira,7,F
Circe,2,F
Claire,3,F
Clara,3417,F
Clarice,2,F
Clarisa,131,F
Clarissa,4,F
Clarita,260,F
Claudia,42,F
Clementina,263,F
Cleo,16,F
Cloe,92,F
Cloé,44,F
Clohe,1,F
Cocó,3,F
Colombina,8,F
Concepcion,19,F
Concepción,4,F
Constantina,45,F
Constanza,2199,F
Consuelo,124,F
Cora,85,F
Coral,94,F
Coralie,1,F
Cordelia,2,F
Corina,116,F
Costanza,34,F
Cristal,71,F
Cristel,15,F
Cristiana,4,F
Cristina,51,F
Cruz,66,F
Crystal,9,F
Cynara,3,F
Cynthia,12,F
Cyntia,2,F
Daenerys,2,F
Dafna,5,F
Dafne,120,F
Dahiana,14,F
Dahiara,9,F
Dahlia,1,F
Daiana,287,F
Daiara,47,F
Daila,28,F
Daina,9,F
Daira,81,F
Daisy,21,F
Dakota,1,F
Dalia,22,F
Dalila,23,F
Dalma,102,F
Damaris,153,F
Damasia,22,F
Dana,346,F
Danae,11,F
Danah,1,F
Dania,19,F
Daniela,308,F
Danielle,1,F
Danila,7,F
Danitza,13,F
Danna,203,F
Dannae,1,F
Dante,3445,F
Daphne,20,F
Dara,30,F
Darah,2,F
Daria,10,F
Dariana,38,F
Darla,4,F
Darlyn,4,F
Dasha,34,F
Dayana,17,F
Dayla,2,F
Dayra,14,F
Debora,101,F
Deborah,5,F
Delfina,9439,F
Delia,25,F
Delina,8,F
Denice,1,F
Denise,164,F
Denisse,76,F
Desiree,33,F
Desirée,7,F
Deysi,25,F
Dharma,16,F
Diamela,59,F
Diana,225,F
Dianela,39,F
Dianne,1,F
Dilara,1,F
Dina,36,F
Diorella,5,F
Dolly,1,F
Dolores,294,F
Dominga,10,F
Dominic,70,F
Dominique,126,F
Donata,37,F
Donatella,251,F
Donatta,6,F
Donna,22,F
Donnatella,4,F
Dora,10,F
Dulce,28,F
Dulcinea,13,F
Eden,5,F
Edith,14,F
Eileen,47,F
Eilen,2,F
Eimi,32,F
Eimy,3,F
Eithan,19,F
Ekaterina,7,F
Ela,30,F
Elaia,1,F
Elaine,9,F
Elba,8,F
Elda,3,F
Electra,1,F
Elektra,2,F
Elen,4,F
Elena,1434,F
Eleonor,2,F
Eleonora,185,F
Eli,12,F
Eliana,127,F
Elin,4,F
Elina,114,F
Elis,3,F
Elisa,399,F
Eliseo,475,F
Elisheba,3,F
Eliza,5,F
Elizabet,13,F
Elizabeth,279,F
Ella,13,F
Ellen,2,F
Ellie,2,F
Eloisa,248,F
Eloísa,47,F
Elsa,10,F
Elsie,1,F
Elunei,3,F
Eluney,612,F
Elva,7,F
Elvira,12,F
Ely,2,F
Ema,1599,F
Emeli,13,F
Emelina,4,F
Emely,13,F
Emelyn,6,F
Emi,20,F
Emilce,47,F
Emili,20,F
Emilia,7545,F
Emiliana,145,F
Emilie,19,F
Emilse,38,F
Emily,599,F
Emma,8581,F
Emmily,4,F
Emy,1,F
Ena,2,F
Enriqueta,15,F
Erica,67,F
Erika,98,F
Erin,17,F
Ernestina,874,F
Esmeralda,712,F
Esperanza,242,F
Estefani,12,F
Estefania,474,F
Estefanía,116,F
Estefany,1,F
Estela,15,F
Ester,54,F
Esther,88,F
Estrella,85,F
Eugenia,687,F
Eulogia,1,F
Eunice,87,F
Eva,747,F
Evaluna,15,F
Evangelina,771,F
Evangeline,13,F
Evelin,60,F
Evelina,33,F
Evelyn,390,F
Evolet,3,F
Fabiana,57,F
Fabiola,47,F
Fanny,18,F
Fany,1,F
Fara,8,F
Farah,18,F
Fatima,421,F
Fatou,3,F
Faustina,838,F
Federica,757,F
Federico,2159,F
Fedra,21,F
Felicia,36,F
Felicita,11,F
Felicitas,2446,F
Felipa,25,F
Felipe,10279,F
Felisa,81,F
Fermina,30,F
Fernanda,197,F
Fiama,26,F
Fiamma,107,F
Filipa,12,F
Filippa,17,F
Filomena,10,F
Fiona,31,F
Fiorela,56,F
Fiorella,830,F
Flavia,13,F
Flor,25,F
Flora,35,F
Florencia,1272,F
Florentina,65,F
Franca,288,F
Franccesca,166,F
Francesca,5875,F
Franchesca,550,F
Francheska,5,F
Franchezca,5,F
Francia,8,F
Francina,551,F
Francine,34,F
Francisca,1368,F
Franka,7,F
Franscesca,3,F
Freya,1,F
Frida,245,F
Gabriela,258,F
Gabriella,4,F
Gaetana,15,F
Gaia,112,F
Gal,5,F
Gala,278,F
Galadriel,2,F
Galatea,8,F
Galena,4,F
Galia,20,F
Galilea,23,F
Galit,8,F
Gema,67,F
Gemma,67,F
Genara,12,F
Genesis,80,F
Génesis,69,F
Genoveva,24,F
Georgina,46,F
Geovanna,3,F
Geraldin,3,F
Geraldine,450,F
Gia,13,F
Giana,24,F
Gianela,28,F
Gianella,295,F
Gianina,5,F
Gianna,370,F
Gilda,13,F
Gimena,134,F
Gina,351,F
Ginebra,6,F
Ginevra,3,F
Ginna,24,F
Gioia,6,F
Giomara,2,F
Giordana,5,F
Giovana,22,F
Giovanna,397,F
Giovanni,1041,F
Gisel,27,F
Gisela,62,F
Gisele,16,F
Gisell,1,F
Gisella,9,F
Giselle,66,F
Giulia,149,F
Giuliana,1471,F
Giulianna,63,F
Giulietta,80,F
Giulliana,2,F
Giuseppina,6,F
Giustina,22,F
Gladys,26,F
Glenda,11,F
Gloria,49,F
Gonzalo,1976,F
Grace,3,F
Graciana,28,F
Graciela,21,F
Grecia,24,F
Greta,318,F
Gretel,16,F
Gretta,32,F
Grisel,7,F
Griselda,56,F
Guadalupe,6122,F
Gudalupe,1,F
Guila,14,F
Guillermina,4208,F
Hada,17,F
Hadasa,10,F
Hailie,1,F
Haim,1,F
Han,1,F
Hana,27,F
Hanna,272,F
Hannah,90,F
Haru,3,F
Harumi,6,F
Haydee,13,F
Hebe,13,F
Heidi,39,F
Heidy,11,F
Hela,2,F
Helen,62,F
Helena,2316,F
Helenna,7,F
Heloisa,8,F
Hermelinda,2,F
Hikari,1,F
Hilaria,9,F
Hilda,7,F
Hillary,1,F
Hodaia,2,F
Huilen,32,F
Huilén,10,F
Huma,7,F
Iael,10,F
Ianara,9,F
Ianella,8,F
Iara,585,F
Ibi,8,F
Ignacia,100,F
Ihara,4,F
Ilana,8,F
Ilanit,3,F
Ilaria,3,F
Iliana,7,F
Ilse,1,F
Ina,9,F
Inara,28,F
Indara,5,F
Indi,5,F
India,188,F
Indiana,575,F
Indira,299,F
Indra,15,F
Ines,681,F
Inés,447,F
Ingrid,175,F
Inna,4,F
Inti,34,F
Iona,5,F
Irena,16,F
Irene,232,F
Iriel,9,F
Irina,569,F
Irinea,1,F
Iris,97,F
Irma,4,F
Irune,10,F
Irupe,69,F
Irupé,59,F
Isa,7,F
Isabel,1201,F
Isabela,577,F
Isabella,13255,F
Isabelle,11,F
Isadora,50,F
Isidora,4,F
Isidro,441,F
Isis,72,F
Ismael,488,F
Issabella,8,F
Itatí,20,F
Itzayana,10,F
Itzel,13,F
Itziar,6,F
Ivana,94,F
Ivanka,11,F
Ivanna,24,F
Ivet,1,F
Ivon,3,F
Izabella,15,F
Izaskun,3,F
Izel,2,F
Jacinta,248,F
Jackeline,15,F
Jacqueline,134,F
Jade,110,F
Jael,108,F
Jaia,15,F
Jaina,4,F
Jana,406,F
Janah,10,F
Janaina,7,F
Janet,47,F
Janeth,8,F
Janice,13,F
Janis,9,F
Janna,67,F
Jaqueline,54,F
Jasmin,39,F
Jasmine,9,F
Javiera,20,F
Jazlyn,1,F
Jazmin,4538,F
Jazmín,1417,F
Jazmine,9,F
Jemima,19,F
Jenifer,102,F
Jennifer,284,F
Jenny,28,F
Jesica,80,F
Jessia,1,F
Jessica,52,F
Jezabel,19,F
Jhana,1,F
Jhanna,1,F
Jhoana,8,F
Jhoselin,4,F
Jhoselyn,3,F
Jimena,233,F
Joaquin,10207,F
Joaquín,2115,F
Joaquina,1378,F
Jocelyn,75,F
Johana,79,F
Johanna,39,F
Jordana,86,F
Jorgelina,141,F
Josefa,20,F
Josefina,6757,F
Joselin,174,F
Joseline,11,F
Joselyn,27,F
Josephine,5,F
Joyce,4,F
Juan,1664,F
Juana,6976,F
Juanita,681,F
Juanna,3,F
Judith,74,F
Julia,3886,F
Juliana,2267,F
Julianna,12,F
Julie,8,F
Juliet,6,F
Julieta,6791,F
Julietta,9,F
Juliette,17,F
Juno,4,F
Justina,1353,F
Kaia,12,F
Kaila,2,F
Kailani,2,F
Kaitlyn,1,F
Kala,25,F
Kalei,4,F
Kali,8,F
Kalu,2,F
Kamila,58,F
Kaori,1,F
Karen,143,F
Karina,95,F
Karla,19,F
Karol,2,F
Katalina,62,F
Katarina,10,F
Kate,7,F
Katerin,9,F
Katerina,71,F
Katerine,6,F
Katherin,5,F
Katherina,73,F
Katherine,106,F
Kathia,10,F
Kathy,1,F
Kathya,1,F
Katia,109,F
Katie,1,F
Katja,8,F
Katrina,35,F
Katy,2,F
Katya,33,F
Kaya,10,F
Kayla,31,F
Kaylee,1,F
Keila,186,F
Keili,8,F
Keily,2,F
Keira,19,F
Keisha,7,F
Keisy,2,F
Kelaia,5,F
Kelly,5,F
Kely,1,F
Kendall,3,F
Kendra,38,F
Kenia,12,F
Kenya,18,F
Keren,23,F
Keyla,118,F
Keyra,16,F
Keysha,1,F
Khaleesi,2,F
Khiara,4,F
Khloe,1,F
Kiana,16,F
Kiara,1295,F
Kihara,4,F
Killari,4,F
Kim,4,F
Kimberley,2,F
Kimberly,51,F
Kimey,34,F
Kira,23,F
Klara,5,F
Kristel,4,F
Kristen,3,F
Kyara,81,F
Kyra,5,F
Laia,108,F
Laila,65,F
Laira,2,F
Lana,2,F
Lara,2546,F
Larami,1,F
Larisa,58,F
Larissa,55,F
Laura,114,F
Laureana,56,F
Lavinia,3,F
Layla,51,F
Layra,5,F
Lea,42,F
Leah,8,F
Leandra,19,F
Leda,6,F
Leia,58,F
Leidi,5,F
Leidy,2,F
Leila,150,F
Leilani,4,F
Leilen,2,F
Leire,49,F
Lena,150,F
Lenka,3,F
Lenna,13,F
Leona,10,F
Leonela,188,F
Leonella,12,F
Leonor,37,F
Leonora,20,F
Leslie,21,F
Lesly,2,F
Leticia,214,F
Letizia,65,F
Leydi,4,F
Leyla,56,F
Leyre,6,F
Lia,46,F
Liam,330,F
Lian,88,F
Liana,10,F
Libertad,127,F
Libi,4,F
Lidia,33,F
Lihuen,39,F
Lila,227,F
Lilen,32,F
Lilén,2,F
Lilian,16,F
Liliana,90,F
Lina,144,F
Linda,36,F
Lineth,3,F
Lionela,9,F
Lionella,3,F
Lis,88,F
Lisa,235,F
Lisbet,17,F
Lisbeth,32,F
Liseth,17,F
Lisette,65,F
Lissa,13,F
Lisset,15,F
Lisseth,1,F
Litzy,2,F
Liv,4,F
Livia,23,F
Liwen,4,F
Liz,489,F
Liza,20,F
Lizbeth,29,F
Lizet,9,F
Lizeth,26,F
Lizzy,5,F
Loana,149,F
Lohana,4,F
Lola,5510,F
Loredana,7,F
Loreley,65,F
Lorena,92,F
Lorenza,28,F
Loretta,11,F
Lorna,8,F
Lourdes,1666,F
Lua,142,F
Lúa,6,F
Luan,53,F
Luana,1495,F
Luanna,10,F
Luba,49,F
Lucas,3580,F
Luccia,1,F
Lucciana,3,F
Lucero,100,F
Lucia,2160,F
Lucía,3984,F
Luciana,1653,F
Lucianna,1,F
Lucie,10,F
Luciel,1,F
Lucila,766,F
Lucille,8,F
Lucinda,5,F
Lucio,2116,F
Lucrecia,247,F
Lucrezia,6,F
Lucy,47,F
Ludmila,1532,F
Luhana,9,F
Luiana,1,F
Luisa,340,F
Luisana,1183,F
Luisanna,3,F
Luisiana,92,F
Luisina,1104,F
Luiza,6,F
Luizana,3,F
Lujan,511,F
Lula,1,F
Lulu,3,F
Luma,9,F
Luna,1374,F
Lunna,1,F
Lupe,792,F
Lupita,66,F
Lurdes,9,F
Lusmila,14,F
Luz,1360,F
Luzia,1,F
Luzma,1,F
Luzmila,180,F
Lynn,1,F
Maaian,1,F
Maayan,3,F
Mabel,31,F
Macarena,435,F
Maciel,19,F
Mackenzie,1,F
Madai,4,F
Maddi,2,F
Madelaine,62,F
Madeleín,1,F
Madeleine,53,F
Madelen,2,F
Madeley,1,F
Madeline,21,F
Madelyn,2,F
Mady,2,F
Mae,13,F
Maely,2,F
Mafalda,14,F
Magali,600,F
Magalí,95,F
Magaly,28,F
Magda,10,F
Magdalena,666,F
Maggie,50,F
Magia,1,F
Magnolia,6,F
Magui,20,F
Mahia,29,F
Mahiara,5,F
Mahitena,1,F
Mai,7,F
Maia,1685,F
Maiara,13,F
Maica,27,F
Maida,8,F
Maika,32,F
Maike,5,F
Maila,3,F
Mailen,599,F
Mailin,40,F
Maily,10,F
Mailyn,3,F
Maira,95,F
Mairena,5,F
Maisha,4,F
Maite,1466,F
Maiten,67,F
Maitena,975,F
Maitene,1,F
Maithe,1,F
Maithena,1,F
Maitte,6,F
Majo,1,F
Makena,10,F
Malaika,6,F
Malala,3,F
Malek,35,F
Malen,34,F
Malén,32,F
Malena,4786,F
Mali,4,F
Malka,9,F
Malva,2,F
Malvina,154,F
Manola,2,F
Manon,9,F
Manuela,879,F
Mar,20,F
Mara,174,F
Marcela,40,F
Marcelina,13,F
Marcella,1,F
Marcia,15,F
Marea,5,F
Marena,2,F
Margalit,3,F
Margaret,1,F
Margarita,916,F
Margherita,3,F
Margot,11,F
Mari,2,F
Maria,531,F
María,153,F
Mariam,16,F
Marian,5,F
Mariana,321,F
Marianela,248,F
Marianella,54,F
Mariangel,26,F
Mariangeles,39,F
Marianna,3,F
Maribel,96,F
Maricel,39,F
Marie,8,F
Mariel,38,F
Mariela,74,F
Marilda,1,F
Marilen,2,F
Marilin,25,F
Mariluz,24,F
Marilyn,30,F
Marina,165,F
Marisa,29,F
Marisol,289,F
Mariza,1,F
Marjorie,3,F
Marlen,24,F
Marlena,1,F
Marlene,119,F
Marlin,1,F
Marta,15,F
Martha,4,F
Marthina,17,F
Martina,14080,F
Martiniano,553,F
Martino,634,F
Maryam,8,F
Matea,6,F
Mateo,10259,F
Mathilda,41,F
Matilda,1977,F
Matilde,491,F
Maura,72,F
Maureen,10,F
Mauren,3,F
Mavi,5,F
Maxima,177,F
Máxima,65,F
May,2,F
Maya,43,F
Mayda,12,F
Mayerlin,2,F
Mayerly,7,F
Mayka,13,F
Mayla,2,F
Maylem,2,F
Maylen,179,F
Maylén,103,F
Mayli,6,F
Maylin,10,F
Maylis,5,F
Mayra,140,F
Mayte,116,F
Maytena,11,F
Mayumi,1,F
Megan,35,F
Meghan,1,F
Mei,29,F
Meilin,4,F
Meiling,1,F
Meital,5,F
Mel,5,F
Melani,132,F
Melania,14,F
Melanie,281,F
Melanny,1,F
Melany,347,F
Melina,664,F
Melinda,13,F
Meline,1,F
Melisa,210,F
Melissa,54,F
Meliza,3,F
Melodi,5,F
Melodie,1,F
Melody,214,F
Mélody,29,F
Mercedes,795,F
Merlia,7,F
Merliah,1,F
Merlina,232,F
Mery,2,F
Mey,1,F
Mia,4422,F
Mía,611,F
Miah,2,F
Mica,2,F
Micaela,1902,F
Mical,7,F
Michela,24,F
Michelle,120,F
Micol,21,F
Miel,6,F
Miha,1,F
Mijal,36,F
Mika,24,F
Mikaela,74,F
Mikeila,13,F
Mikela,15,F
Mikeyla,7,F
Mila,223,F
Milagro,60,F
Milagros,2473,F
Milan,69,F
Milay,11,F
Milca,6,F
Mileidy,2,F
Milen,7,F
Milena,1534,F
Milene,5,F
Milenka,26,F
Milet,1,F
Mileva,18,F
Miley,13,F
Mileydi,1,F
Mili,5,F
Milla,3,F
Millaray,7,F
Millie,14,F
Mily,1,F
Mina,10,F
Minerva,26,F
Miranda,383,F
Mireia,3,F
Mirela,8,F
Mirella,28,F
Mirena,6,F
Mireya,7,F
Miriam,57,F
Mirian,12,F
Mirka,5,F
Mirna,8,F
Mirta,9,F
Misaki,2,F
Mishel,3,F
Moana,3,F
Moira,73,F
Molly,9,F
Monica,30,F
Mónica,5,F
Monserrat,44,F
Montserrat,50,F
Moorea,3,F
Mora,2970,F
Morela,28,F
Morelia,7,F
Morella,212,F
Morena,4318,F
Morgana,10,F
Morita,1,F
Muna,32,F
Munay,6,F
Muriel,103,F
Mushka,5,F
Myla,14,F
Mylena,2,F
Myriam,2,F
Naara,19,F
Nabila,19,F
Nadia,83,F
Nadid,1,F
Nadine,28,F
Nadir,11,F
Nael,14,F
Naela,2,F
Naevia,2,F
Nahara,3,F
Nahia,30,F
Nahiara,1084,F
Nahieli,2,F
Nahiely,1,F
Nahila,19,F
Nahir,85,F
Nahira,2,F
Nahomi,7,F
Nahomy,1,F
Nahyara,3,F
Naia,23,F
Naiara,301,F
Naida,5,F
Naidelyn,5,F
Naiely,1,F
Naihara,2,F
Nail,1,F
Naila,22,F
Nailah,8,F
Nailea,4,F
Nailen,4,F
Naima,32,F
Naíma,2,F
Naimid,3,F
Nair,16,F
Naira,57,F
Nairobi,1,F
Nala,7,F
Nanci,1,F
Nancy,54,F
Naomi,371,F
Naomy,1,F
Nara,44,F
Narel,3,F
Narela,106,F
Narella,154,F
Narumi,1,F
Nasha,4,F
Natacha,62,F
Natali,65,F
Natalia,277,F
Natalie,21,F
Nataly,77,F
Natasha,353,F
Nathalia,1,F
Nathalie,8,F
Nathaly,2,F
Natividad,6,F
Natsumi,1,F
Naya,7,F
Nayara,13,F
Nayeli,36,F
Nayelí,24,F
Nayely,4,F
Nayla,255,F
Naylen,1,F
Nayme,10,F
Nayra,57,F
Nazarena,223,F
Nazareth,3,F
Nazaria,4,F
Nazli,6,F
Nefertari,1,F
Neftali,6,F
Neila,8,F
Nejama,1,F
Nela,3,F
Nelda,1,F
Nelida,21,F
Nelly,3,F
Nely,5,F
Nemesis,4,F
Nerea,141,F
Nereha,1,F
Nereida,2,F
Nerella,2,F
Nerina,107,F
Nery,1,F
Neydi,2,F
Neyla,2,F
Neylan,1,F
Neytiri,1,F
Nia,4,F
Nicol,107,F
Nicole,970,F
Nicoletta,29,F
Nicolle,20,F
Nidia,2,F
Nieves,10,F
Nika,13,F
Nikita,7,F
Nikki,2,F
Nikol,2,F
Nil,5,F
Nila,8,F
Nilda,6,F
Nina,1630,F
Ninna,16,F
Nirvana,8,F
Niza,7,F
Noa,83,F
Noah,431,F
Noe,11,F
Noel,24,F
Noeli,3,F
Noelia,128,F
Noemi,79,F
Noha,71,F
Noor,1,F
Nora,16,F
Norma,14,F
Nour,3,F
Nubia,5,F
Numa,29,F
Nuna,6,F
Nur,15,F
Nuria,75,F
Nurit,5,F
Nya,1,F
Octavia,14,F
Odaia,7,F
Odette,1,F
Ofelia,30,F
Olena,1,F
Olga,10,F
Olimpia,16,F
Olinda,4,F
Olivia,5877,F
Olympia,7,F
Omara,3,F
Ona,81,F
Oriana,1140,F
Orianna,25,F
Orit,1,F
Ornela,38,F
Ornella,473,F
Paloma,2140,F
Pamela,71,F
Pampa,1,F
Panna,2,F
Paola,44,F
Paris,19,F
Patricia,30,F
Paula,1199,F
Paulina,2606,F
Paz,679,F
Pedro,5334,F
Penelope,47,F
Penélope,14,F
Perla,81,F
Petra,34,F
Phia,2,F
Philippa,2,F
Pia,222,F
Pía,931,F
Pierina,230,F
Pietra,5,F
Pietro,124,F
Pilar,4505,F
Pina,2,F
Pricila,4,F
Princesa,3,F
Prisca,1,F
Priscila,1010,F
Priscilla,46,F
Prisila,1,F
Priya,2,F
Pura,4,F
Qi,1,F
Quimey,47,F
Rachel,39,F
Rachell,2,F
Radamel,17,F
Rafaela,317,F
Rafaella,37,F
Raffaella,40,F
Raissa,6,F
Raizel,1,F
Rajel,17,F
Ramón,111,F
Ramona,22,F
Rania,15,F
Raquel,49,F
Raymi,3,F
Raziel,1,F
Rebeca,318,F
Rebecca,97,F
Rebekah,3,F
Reggina,37,F
Regina,473,F
Reina,19,F
Renata,5377,F
Renatha,1,F
Renatta,93,F
Renée,2,F
Reyna,14,F
Rhiana,1,F
Riana,3,F
Ribka,4,F
Rihana,41,F
Rihanna,16,F
Rina,10,F
Rita,101,F
Rivka,8,F
Roberta,37,F
Rocio,668,F
Rocío,396,F
Roma,109,F
Romana,3,F
Romanela,45,F
Romanella,83,F
Romina,220,F
Rosa,66,F
Rosalia,46,F
Rosalinda,35,F
Rosana,13,F
Rosario,1157,F
Rose,7,F
Rosella,23,F
Roselyn,3,F
Rosemary,9,F
Rosi,1,F
Rosita,11,F
Rosmary,1,F
Rosmery,4,F
Rossy,1,F
Rouse,1,F
Roxana,33,F
Roxy,1,F
Rubi,37,F
Rubí,23,F
Rubina,1,F
Ruby,8,F
Rufina,70,F
Rut,20,F
Ruth,140,F
Rutila,1,F
Sabina,165,F
Sabine,2,F
Sabrina,399,F
Sacha,21,F
Safira,16,F
Saga,1,F
Sahara,10,F
Sahiara,1,F
Sahira,24,F
Saiana,1,F
Saida,12,F
Saira,12,F
Salma,71,F
Salome,56,F
Salomé,22,F
Samanta,41,F
Samantha,44,F
Samara,68,F
Samay,11,F
Sami,34,F
Samira,397,F
Samirah,21,F
Sandra,23,F
Santina,191,F
Santino,11973,F
Saori,1,F
Saory,1,F
Sara,1597,F
Sarah,207,F
Sarahi,5,F
Sarahí,1,F
Sarai,92,F
Saray,4,F
Sarita,14,F
Sasha,63,F
Saskia,1,F
Sathya,20,F
Saya,2,F
Sayda,1,F
Sayen,22,F
Sayuri,6,F
Scarlet,5,F
Scarlett,6,F
Sefora,1,F
Selena,566,F
Selene,420,F
Selenia,3,F
Selenne,3,F
Selina,29,F
Selva,43,F
Sephora,2,F
Serafina,16,F
Seren,1,F
Serena,458,F
Serenna,4,F
Shadia,7,F
Shaiel,62,F
Shaila,2,F
Shaira,10,F
Shakira,4,F
Shalom,2,F
Shamira,29,F
Shana,2,F
Shanna,1,F
Shantal,13,F
Sharel,1,F
Shari,3,F
Sharlotte,1,F
Sharon,125,F
Shasmin,1,F
Shaya,1,F
Shayla,2,F
Shayna,12,F
Shayra,1,F
Shazmin,2,F
Sheila,161,F
Shekinah,1,F
Sherlyn,3,F
Sheyla,20,F
Shiana,2,F
Shina,3,F
Shira,3,F
Shirel,22,F
Shirley,36,F
Shirly,3,F
Shoshana,1,F
Shulamit,16,F
Shuliana,1,F
Siara,3,F
Sibila,12,F
Sibylla,2,F
Siena,20,F
Sienna,49,F
Sigrid,5,F
Sila,2,F
Silene,3,F
Silmara,1,F
Silvana,40,F
Silvia,21,F
Silvina,45,F
Simona,630,F
Simone,14,F
Simoné,3,F
Simonetta,8,F
Sinai,3,F
Sintia,1,F
Siomara,30,F
Sion,3,F
Sira,11,F
Siria,4,F
Siriana,12,F
Sisa,4,F
Soe,1,F
Sofia,9672,F
Sofía,3024,F
Sol,1798,F
Solana,210,F
Solange,417,F
Solara,5,F
Soledad,107,F
Soleil,2,F
Sonia,32,F
Sophia,266,F
Sophie,210,F
Sophya,3,F
Sora,1,F
Soraya,12,F
Soren,1,F
Stefani,29,F
Stefania,105,F
Stefanía,92,F
Stefanie,4,F
Stefany,3,F
Stella,3,F
Stephanie,32,F
Stephany,3,F
Suki,1,F
Suley,1,F
Summer,5,F
Suri,16,F
Susan,3,F
Susana,63,F
Suyai,7,F
Suyay,5,F
Svetlana,2,F
Tadeo,532,F
Tahiara,3,F
Tahira,2,F
Tahis,2,F
Taiana,34,F
Taiara,3,F
Taina,104,F
Taína,27,F
Tainha,1,F
Tais,54,F
Tali,52,F
Talia,13,F
Talía,6,F
Tamar,29,F
Tamara,147,F
Tammy,3,F
Tania,396,F
Tanit,2,F
Tanya,17,F
Tara,1,F
Tarja,1,F
Tathiana,6,F
Tatiana,606,F
Tayhana,2,F
Taylor,6,F
Tayra,8,F
Tehila,2,F
Telma,22,F
Teodelina,35,F
Teodora,4,F
Teresa,95,F
Teresita,80,F
Tessa,14,F
Thaina,1,F
Thais,77,F
Thaís,7,F
Thalia,21,F
Thania,7,F
Thea,13,F
Thelma,15,F
Thiago,5915,F
Thiana,10,F
Thianna,1,F
Thiara,88,F
Thiziana,7,F
Thyana,1,F
Tiana,138,F
Tianna,5,F
Tiara,194,F
Tiare,3,F
Tiaret,1,F
Tifanny,1,F
Tifany,2,F
Tiffany,56,F
Tihana,4,F
Tihara,2,F
Timotea,2,F
Tina,45,F
Tisiana,7,F
Tiziana,1376,F
Tizziana,15,F
Toia,3,F
Tomasa,2,F
Tova,1,F
Triana,99,F
Trini,3,F
Trinidad,902,F
Tyara,13,F
Tzipora,5,F
Uliana,6,F
Uma,2684,F
Umay,4,F
Umma,554,F
Ummi,4,F
Ursula,176,F
Uxía,2,F
Valencia,9,F
Valentina,10924,F
Valentino,10564,F
Valeria,235,F
Valerie,12,F
Valeska,5,F
Valkiria,1,F
Valkyria,1,F
Valquiria,20,F
Vanelope,1,F
Vanesa,81,F
Vanessa,8,F
Vania,15,F
Vanina,42,F
Vega,1,F
Velia,5,F
Venecia,105,F
Venezia,31,F
Venus,3,F
Vera,705,F
Verena,32,F
Verenice,7,F
Verona,23,F
Veronica,89,F
Vianela,3,F
Vicca,1,F
Vicenta,3,F
Vicentina,23,F
Victoria,7542,F
Victoriana,3,F
Victorina,37,F
Victorio,147,F
Victtoria,4,F
Vida,33,F
Vika,3,F
Vincenza,5,F
Violeta,1671,F
Violetta,98,F
Virginia,387,F
Virna,5,F
Vita,19,F
Vittoria,70,F
Vivian,8,F
Viviana,62,F
Walkiria,48,F
Wanda,45,F
Wara,12,F
Wayra,13,F
Wendy,128,F
Xamira,4,F
Xena,1,F
Xenia,5,F
Xi,1,F
Xiana,4,F
Xiara,18,F
Ximena,120,F
Xiomara,609,F
Yadira,7,F
Yael,87,F
Yahel,2,F
Yaima,1,F
Yaiza,5,F
Yamel,15,F
Yamila,227,F
Yamile,25,F
Yamilet,1,F
Yamileth,2,F
Yanara,2,F
Yanay,7,F
Yancy,3,F
Yandal,1,F
Yandi,1,F
Yandira,4,F
Yanel,27,F
Yanet,59,F
Yanina,182,F
Yanira,13,F
Yanna,2,F
Yaquelin,21,F
Yara,14,F
Yarel,1,F
Yaritza,6,F
Yasira,8,F
Yasmin,201,F
Yasmín,40,F
Yazmin,248,F
Yazmín,86,F
Yelena,4,F
Yeni,11,F
Yenifer,37,F
Yennifer,5,F
Yenny,11,F
Yeraldin,1,F
Yeraldine,1,F
Yesenia,9,F
Yesica,163,F
Yessica,9,F
Yhasmin,1,F
Yhoselin,6,F
Yhovana,5,F
Yina,1,F
Yisel,3,F
Yiyi,2,F
Ylenia,3,F
Yoana,3,F
Yocelin,3,F
Yohana,15,F
Yohanna,1,F
Yoko,5,F
Yolanda,16,F
Yoseli,13,F
Yoselin,79,F
Yoselyn,4,F
Yosselin,1,F
Yosselyn,1,F
Ysabella,2,F
Yu,2,F
Yubin,1,F
Yudith,12,F
Yui,5,F
Yulia,5,F
Yuliana,147,F
Yulianna,2,F
Yulisa,7,F
Yulissa,1,F
Yuna,1,F
Yuqing,1,F
Yuri,33,F
Yuriana,3,F
Zafira,14,F
Zafiro,5,F
Zahiara,3,F
Zahira,259,F
Zahra,7,F
Zaida,28,F
Zaila,1,F
Zainab,3,F
Zaira,612,F
Zamara,7,F
Zamira,291,F
Zamirha,5,F
Zara,109,F
Zarah,9,F
Zarai,2,F
Zareth,3,F
Zarina,28,F
Zayra,4,F
Zelene,1,F
Zelmira,2,F
Zhaira,3,F
Zhamira,6,F
Zhoe,16,F
Zia,1,F
Ziara,2,F
Ziomara,5,F
Zirel,3,F
Ziyan,1,F
Zoe,3189,F
Zoé,6,F
Zöe,1,F
Zoeh,3,F
Zoel,1,F
Zohe,7,F
Zoia,2,F
Zoraida,5,F
Zowie,2,F
Zulay,2,F
Zuleica,1,F
Zuleika,7,F
Zulema,10,F
Zulma,9,F
Zulu,1,F
Zunilda,12,F
Zuri,6,F
Zuria,5,F
Zury,2,F
Aaron,294,M
Abby,129,M
Abdias,4,M
Abdías,4,M
Abdiel,14,M
Abel,157,M
Abelardo,6,M
Abelino,1,M
Abi,30,M
Abiel,9,M
Abigail,1149,M
Abimael,5,M
Abner,3,M
Abraham,78,M
Abrahan,11,M
Abril,2082,M
Ada,71,M
Adair,6,M
Adam,22,M
Adan,19,M
Adara,19,M
Adela,95,M
Adelaida,10,M
Ademar,18,M
Adhara,6,M
Adi,4,M
Adiel,15,M
Adil,2,M
Adilson,5,M
Adolfina,107,M
Adolfo,84,M
Adonis,4,M
Adria,1,M
Adrian,279,M
Adrián,1,M
Adriana,115,M
Adriano,258,M
Adriel,145,M
Afra,15,M
Afrika,14,M
Agostin,1,M
Agostina,2413,M
Agostino,63,M
Agustin,4613,M
Agustín,2831,M
Agustina,4129,M
Agustino,96,M
Aharon,15,M
Ahian,4,M
Ahinara,9,M
Ahinoa,1,M
Ahitana,5,M
Aidan,10,M
Aien,4,M
Aiken,1,M
Ailen,434,M
Ailin,457,M
Aimar,16,M
Aimara,91,M
Aime,87,M
Aimé,65,M
Ainara,375,M
Ainhara,7,M
Ainhoa,179,M
Ainoa,4,M
Ainoha,7,M
Aira,2,M
Airon,2,M
Aisha,55,M
Aitana,652,M
Aithana,2,M
Aitor,38,M
Aixa,134,M
Akim,1,M
Akin,1,M
Akira,6,M
Akiva,1,M
Alahi,45,M
Alai,35,M
Alaia,40,M
Alain,12,M
Alan,450,M
Alana,57,M
Alanna,5,M
Alaric,1,M
Alay,16,M
Alba,140,M
Albano,50,M
Albeiro,3,M
Albert,4,M
Albertina,313,M
Albertino,12,M
Alberto,75,M
Alcides,9,M
Aldair,7,M
Aldana,321,M
Aldo,33,M
Ale,2,M
Alegra,141,M
Alegria,2,M
Alejandra,173,M
Alejandrina,26,M
Alejandro,948,M
Alejo,1968,M
Alek,3,M
Aleksandar,1,M
Aleksander,4,M
Alem,3,M
Alen,6,M
Alena,21,M
Alesandro,7,M
Aleska,1,M
Alessander,1,M
Alessandra,26,M
Alessandro,137,M
Alessia,66,M
Alessio,87,M
Alex,514,M
Alexa,46,M
Alexander,1206,M
Alexandra,116,M
Alexandre,22,M
Alexandro,86,M
Alexei,4,M
Alexi,3,M
Alexia,361,M
Alexio,1,M
Alexis,582,M
Alfio,9,M
Alfonsina,1288,M
Alfonso,581,M
Alfredo,102,M
Ali,38,M
Alí,10,M
Alian,1,M
Alice,33,M
Alicia,92,M
Alik,1,M
Alina,315,M
Aline,26,M
Alison,147,M
Alissa,5,M
Alisson,3,M
Alix,1,M
Allegra,589,M
Allen,3,M
Allison,16,M
Allyson,1,M
Alma,6257,M
Almendra,302,M
Alondra,58,M
Alonso,74,M
Altair,9,M
Alter,1,M
Alvaro,1275,M
Alvin,7,M
Amadeo,464,M
Amado,40,M
Amador,103,M
Amaia,139,M
Amalia,545,M
Amancio,7,M
Amanda,796,M
Amapola,23,M
Amara,24,M
Amaranta,12,M
Amaris,2,M
Amaro,67,M
Amaru,22,M
Amarú,11,M
Amaya,17,M
Ambar,2472,M
Ámbar,1,M
Amber,13,M
Ameli,39,M
Amelí,12,M
Amelia,531,M
Amelie,351,M
Amely,6,M
Américo,2,M
Amiel,8,M
Amilcar,36,M
Amilkar,2,M
Amin,27,M
Amina,12,M
Amir,139,M
Amira,208,M
Amor,2,M
Amorina,26,M
Amparo,2435,M
Ana,1587,M
Anabella,170,M
Anahi,281,M
Analia,123,M
Analy,4,M
Anastasia,77,M
Ander,11,M
Anderson,46,M
Andi,4,M
Andina,12,M
Andino,15,M
Andoni,14,M
Andre,56,M
André,48,M
Andrea,86,M
Andreas,3,M
Andrei,5,M
Andres,430,M
Andrés,302,M
Andreu,7,M
Andrew,6,M
Andrey,1,M
Andrik,1,M
Andy,115,M
Ane,4,M
Aneley,51,M
Angel,261,M
Angela,422,M
Angeles,416,M
Angelica,80,M
Angelina,1334,M
Angello,3,M
Angelo,151,M
Ángelo,15,M
Angie,90,M
Angus,15,M
Anibal,42,M
Anita,221,M
Anna,504,M
Anne,5,M
Annita,5,M
Anselmo,22,M
Anthoni,1,M
Anthony,76,M
Anthuan,1,M
Antía,3,M
Antoine,3,M
Anton,11,M
Antón,27,M
Antonela,321,M
Antonella,2469,M
Antoni,6,M
Antonia,1576,M
Antonina,26,M
Antonino,33,M
Antonio,1335,M
Antony,28,M
Antu,12,M
Antú,36,M
Antuan,28,M
Anyelo,3,M
Apolo,18,M
April,8,M
Aquiles,182,M
Ara,13,M
Araceli,434,M
Aracely,14,M
Aram,7,M
Aramí,1,M
Aramis,19,M
Arantza,26,M
Aranza,12,M
Areli,48,M
Arelí,2,M
Arely,6,M
Ari,11,M
Aria,13,M
Ariadna,276,M
Arian,45,M
Arián,10,M
Ariana,624,M
Arianna,67,M
Ariano,6,M
Arie,2,M
Arieh,4,M
Ariel,399,M
Arion,2,M
Aritz,2,M
Armando,33,M
Arnaldo,25,M
Arnau,9,M
Arnaud,1,M
Aron,128,M
Arsenio,4,M
Artemio,9,M
Arthur,11,M
Arturo,107,M
Aruma,18,M
Aruna,4,M
Arwen,3,M
Ary,2,M
Arya,8,M
Aryan,14,M
Aryana,3,M
Asael,13,M
Asher,2,M
Ashley,38,M
Ashly,2,M
Ashlyn,3,M
Asiel,1,M
Asier,13,M
Aslan,1,M
Astor,294,M
Astrid,70,M
Atahualpa,37,M
Atenea,13,M
Athena,29,M
Athenea,1,M
Athina,86,M
Athos,10,M
Atiel,2,M
Atilio,105,M
Atuel,9,M
Audrey,2,M
Augusto,2174,M
Aukan,14,M
Aureliano,50,M
Aurelio,38,M
Aurora,182,M
Austin,39,M
Ava,4,M
Avraham,2,M
Avril,511,M
Axel,551,M
Axia,1,M
Axl,2,M
Áyax,1,M
Ayelen,244,M
Ayla,13,M
Aylen,600,M
Aylin,220,M
Aylín,91,M
Aymara,246,M
Ayni,1,M
Ayra,1,M
Ayrton,106,M
Aytana,12,M
Aythana,1,M
Ayun,3,M
Ayün,1,M
Azael,8,M
Azarías,1,M
Azariel,5,M
Aziel,4,M
Azul,736,M
Bahia,18,M
Bahiano,14,M
Bairon,4,M
Baltasar,226,M
Baltazar,844,M
Balthazar,97,M
Barak,1,M
Barbara,414,M
Bartholomeo,2,M
Bartolome,84,M
Bartolomeo,3,M
Baruc,8,M
Baruj,1,M
Basthian,8,M
Bastiam,1,M
Bastian,1243,M
Bastiano,7,M
Bastien,9,M
Batista,10,M
Battista,8,M
Baustista,7,M
Bautista,12623,M
Bayron,28,M
Begonia,4,M
Bejamín,5,M
Belen,544,M
Belisario,135,M
Bella,67,M
Beltran,162,M
Beltrán,94,M
Ben,14,M
Benedicto,7,M
Benicio,6195,M
Benito,351,M
Benizio,31,M
Benjamin,19497,M
Benjamín,4,M
Benjamina,5,M
Benoit,2,M
Benyamin,4,M
Beñat,5,M
Berenice,359,M
Bernarda,230,M
Bernardino,38,M
Bernardita,566,M
Bernardo,336,M
Berta,8,M
Bertin,1,M
Bethany,3,M
Beymar,3,M
Bianca,4151,M
Biel,13,M
Billy,4,M
Bismar,3,M
Bismark,2,M
Bjorn,3,M
Bladimir,40,M
Blanca,136,M
Blas,480,M
Blass,1,M
Bono,38,M
Boris,130,M
Borja,113,M
Bosco,3,M
Brad,4,M
Bradley,1,M
Brahian,7,M
Brahim,5,M
Braian,247,M
Brain,1,M
Braiton,12,M
Braja,2,M
Branco,26,M
Brando,14,M
Brandon,257,M
Branko,27,M
Braulio,10,M
Brayan,18,M
Brayton,2,M
Brenda,658,M
Brian,310,M
Briana,522,M
Brianna,341,M
Bricio,17,M
Brighton,2,M
Brina,6,M
Brisa,710,M
Briseida,24,M
Brissa,2,M
Britany,43,M
Brithany,1,M
Brittani,1,M
Briza,4,M
Bruce,5,M
Bruna,179,M
Brunella,900,M
Brunilda,1,M
Brunno,3,M
Bruno,4030,M
Bryan,23,M
Bryana,6,M
Byron,75,M
Cael,1,M
Caetana,46,M
Caetano,284,M
Cain,38,M
Caio,12,M
Cairo,2,M
Cala,64,M
Caleb,89,M
Calógero,5,M
Calu,25,M
Calvin,1,M
Camelia,11,M
Camila,5628,M
Camille,12,M
Camillo,1,M
Camilo,1866,M
Candela,1409,M
Candelaria,1063,M
Canek,1,M
Canela,67,M
Carim,3,M
Carlos,171,M
Carlotta,7,M
Carmela,1227,M
Carmelo,87,M
Carmen,82,M
Carmina,43,M
Carola,687,M
Carolina,642,M
Casiano,8,M
Cassiana,1,M
Cassiel,1,M
Castiel,1,M
Cataleya,4,M
Catalina,12384,M
Catarina,89,M
Caterina,217,M
Catriel,141,M
Cattaleya,1,M
Cayetano,163,M
Cecilia,170,M
Cedric,10,M
Ceferino,73,M
Celeste,540,M
Celestina,24,M
Celestino,19,M
Celina,623,M
Celso,9,M
Cesar,95,M
Cesia,19,M
Chabela,52,M
Charis,6,M
Charles,5,M
Charlie,3,M
Charly,5,M
Charlys,1,M
Charo,1018,M
Chiara,419,M
Chloe,242,M
Christian,51,M
Christofer,5,M
Christopher,28,M
Ciana,5,M
Ciara,57,M
Cielo,167,M
Cinthia,69,M
Cipriano,143,M
Circe,2,M
Ciriaco,4,M
Cirilo,28,M
Ciro,5373,M
Clara,3417,M
Clarice,2,M
Clarita,260,M
Claudio,28,M
Clemente,127,M
Clementina,263,M
Cleo,16,M
Cliver,1,M
Cloe,92,M
Cloé,44,M
Clohe,1,M
Conan,2,M
Concepcion,19,M
Concepción,4,M
Connor,2,M
Conrado,335,M
Constancio,7,M
Constantin,5,M
Constantino,1018,M
Constanza,2199,M
Constanzo,5,M
Cora,85,M
Coral,94,M
Cordelia,2,M
Corina,116,M
Cosme,11,M
Costantino,11,M
Costanza,34,M
Crispin,2,M
Cristal,71,M
Cristhian,7,M
Cristian,370,M
Cristiano,159,M
Cristina,51,M
Cristobal,312,M
Cristofer,22,M
Cristopher,80,M
Cruz,66,M
Crystal,9,M
Cynthia,12,M
Cyntia,2,M
Cyrano,12,M
Dafne,120,M
Dago,34,M
Dahian,2,M
Daian,13,M
Daiana,287,M
Daiki,1,M
Daira,81,M
Daisy,21,M
Dakota,1,M
Dalan,1,M
Dalia,22,M
Dalma,102,M
Dalmiro,28,M
Dalton,3,M
Damasia,22,M
Damian,320,M
Damir,8,M
Dan,21,M
Dana,346,M
Danae,11,M
Dangelo,2,M
Dania,19,M
Daniel,534,M
Daniela,308,M
Danilo,256,M
Danna,203,M
Danny,15,M
Dante,3445,M
Daphne,20,M
Dara,30,M
Darah,2,M
Darel,5,M
Darian,53,M
Dariana,38,M
Dariel,24,M
Darien,10,M
Dario,88,M
Darius,2,M
Darlyn,4,M
Daron,4,M
Darwin,7,M
Daryl,1,M
Dasha,34,M
Dastan,6,M
Davi,6,M
David,766,M
Daviel,3,M
Davis,1,M
Dayana,17,M
Dayner,1,M
Dayra,14,M
Dayron,2,M
Dean,2,M
Debora,101,M
Declan,2,M
Deian,22,M
Delfin,12,M
Delfina,9439,M
Demetrio,13,M
Demian,244,M
Demir,1,M
Denis,62,M
Denise,164,M
Denisse,76,M
Dennis,7,M
Denzel,6,M
Dereck,1,M
Derek,60,M
Derlis,4,M
Desiree,33,M
Desirée,7,M
Dexter,2,M
Dharma,16,M
Diago,15,M
Dian,2,M
Diana,225,M
Dianne,1,M
Didier,28,M
Diego,493,M
Dieter,5,M
Dilan,134,M
Dilara,1,M
Dillan,12,M
Dimas,49,M
Dimitri,18,M
Dino,38,M
Dio,1,M
Diógenes,16,M
Diogo,18,M
Dion,8,M
Dionel,36,M
Dionicio,3,M
Dionisio,60,M
Diosnel,8,M
Diwen,1,M
Dixon,1,M
Domenico,22,M
Domingo,28,M
Dominic,70,M
Dominick,15,M
Dominique,126,M
Donatella,251,M
Donatello,11,M
Donato,680,M
Donatto,72,M
Donna,22,M
Dorian,17,M
Douglas,9,M
Draco,5,M
Dulce,28,M
Dusan,1,M
Dustin,11,M
Dylan,1210,M
Ebrain,1,M
Eddie,5,M
Eddy,5,M
Eden,5,M
Eder,3,M
Ederson,3,M
Edgar,35,M
Edin,2,M
Edison,37,M
Edmundo,3,M
Edson,10,M
Eduar,1,M
Eduard,6,M
Eduardo,173,M
Eduart,2,M
Edward,8,M
Edwin,17,M
Edy,2,M
Efraim,1,M
Efrain,142,M
Efraín,15,M
Eial,5,M
Eidan,1,M
Eileen,47,M
Einar,7,M
Eitan,99,M
Eithan,19,M
Ekaterina,7,M
Elal,4,M
Elba,8,M
Elda,3,M
Eleazar,16,M
Elena,1434,M
Eleonora,185,M
Eli,12,M
Eliah,1,M
Eliahu,25,M
Eliam,38,M
Elian,411,M
Eliana,127,M
Elias,555,M
Eliazar,1,M
Eliazer,1,M
Eliceo,8,M
Eliecer,1,M
Eliel,132,M
Elien,1,M
Eliezer,23,M
Eligio,1,M
Elijah,2,M
Elimelej,3,M
Elina,114,M
Elio,46,M
Eliot,7,M
Elisa,399,M
Elisandro,20,M
Eliseo,475,M
Elisheba,3,M
Eliza,5,M
Elizabeth,279,M
Ella,13,M
Elliot,5,M
Elmer,20,M
Eloi,9,M
Eloisa,248,M
Eloísa,47,M
Eloy,227,M
Elsa,10,M
Elsie,1,M
Eluney,612,M
Elva,7,M
Elvio,7,M
Elvis,47,M
Ema,1599,M
Emanuel,1085,M
Emelina,4,M
Emerson,63,M
Emil,11,M
Emili,20,M
Emilia,7545,M
Emiliana,145,M
Emiliano,1363,M
Emilie,19,M
Emilio,814,M
Emily,599,M
Emir,136,M
Emma,8581,M
Emmanuel,311,M
Emy,1,M
Eneas,50,M
Ennio,9,M
Enoc,9,M
Enrico,10,M
Enrique,99,M
Enso,1,M
Enzo,1365,M
Eren,3,M
Erian,1,M
Eric,149,M
Erica,67,M
Erick,31,M
Erik,161,M
Erika,98,M
Ernesto,138,M
Eros,76,M
Erwin,25,M
Esmeralda,712,M
Esperanza,242,M
Estanislao,243,M
Esteban,487,M
Estefani,12,M
Estefania,474,M
Estefanía,116,M
Estefano,35,M
Estéfano,91,M
Estefany,1,M
Ester,54,M
Esther,88,M
Ethan,54,M
Etienne,34,M
Eugenia,687,M
Eugenio,308,M
Eulogio,8,M
Eunice,87,M
Eva,747,M
Evaluna,15,M
Evan,35,M
Evander,1,M
Evangelina,771,M
Evangeline,13,M
Evans,18,M
Evaristo,91,M
Evelina,33,M
Evelyn,390,M
Ever,29,M
Evolet,3,M
Ewan,1,M
Exequiel,115,M
Eydan,1,M
Ezel,2,M
Ezequias,17,M
Ezequías,5,M
Ezequiel,1544,M
Ezio,11,M
Ezra,6,M
Fabian,126,M
Fabián,44,M
Fabio,30,M
Fabiola,47,M
Fabriccio,21,M
Fabricio,648,M
Fabritzio,1,M
Fabrizio,678,M
Fabrizzio,68,M
Facundo,4795,M
Fara,8,M
Farid,47,M
Faruk,1,M
Faryd,1,M
Fatima,421,M
Faustina,838,M
Faustino,1082,M
Fausto,1764,M
Favio,9,M
Federica,757,M
Federico,2159,M
Feliciano,278,M
Felicitas,2446,M
Feliks,1,M
Felipe,10279,M
Felix,676,M
Félix,214,M
Fermin,529,M
Fermín,538,M
Fernanda,197,M
Fernando,428,M
Ferran,12,M
Fidel,404,M
Filipa,12,M
Filipo,20,M
Filippa,17,M
Filippo,153,M
Filomena,10,M
Fiona,31,M
Fiorella,830,M
Flavia,13,M
Flavio,12,M
Flor,25,M
Flora,35,M
Floreal,6,M
Florencia,1272,M
Florencio,30,M
Florentino,7,M
Florian,20,M
Florián,1,M
Fran,1,M
Franca,288,M
Franccesca,166,M
Franccesco,33,M
Francesca,5875,M
Francesco,1681,M
Franchesca,550,M
Franchesco,152,M
Francine,34,M
Francino,6,M
Francis,60,M
Francisca,1368,M
Francisco,8954,M
Franco,3499,M
Frank,32,M
Franklin,12,M
Franko,4,M
Franz,31,M
Freddy,8,M
Frederick,1,M
Fredy,9,M
Freya,1,M
Frida,245,M
Gabino,44,M
Gabo,5,M
Gabriel,1215,M
Gabriela,258,M
Gadiel,39,M
Gael,1581,M
Gaetano,103,M
Gahel,2,M
Gaia,112,M
Gal,5,M
Gala,278,M
Galadriel,2,M
Galilea,23,M
Galileo,34,M
Galo,465,M
Gamal,6,M
Gamaliel,14,M
Gary,5,M
Gaspar,963,M
Gaston,360,M
Gauthier,2,M
Geanluca,1,M
Gema,67,M
Gemma,67,M
Genara,12,M
Genaro,2241,M
Genesis,80,M
Génesis,69,M
Gennaro,248,M
Geovanni,3,M
Gerald,1,M
Geraldine,450,M
Gerard,12,M
Gerardo,65,M
Geremias,190,M
German,207,M
Germán,55,M
Geronimo,1675,M
Gerson,10,M
Gervasio,37,M
Gia,13,M
Giampiero,1,M
Gian,125,M
Giancarlo,18,M
Gianella,295,M
Gianfranco,370,M
Gianluca,841,M
Gianlucas,8,M
Gianlucca,61,M
Gianluigi,1,M
Gianmarco,38,M
Giann,1,M
Gianna,370,M
Gianni,61,M
Giano,8,M
Gianpiero,1,M
Gimena,134,M
Gina,351,M
Ginebra,6,M
Gines,1,M
Ginevra,3,M
Ginno,17,M
Gino,1120,M
Gio,30,M
Giordano,1,M
Giorgio,29,M
Giovani,39,M
Giovanna,397,M
Giovanni,1041,M
Giovanno,3,M
Gisel,27,M
Giulia,149,M
Giuliana,1471,M
Giulianno,5,M
Giuliano,672,M
Giulliano,8,M
Giuseppe,42,M
Goel,1,M
Gohan,2,M
Gonzalo,1976,M
Goran,12,M
Grecia,24,M
Greco,11,M
Gregorio,450,M
Gregory,1,M
Greta,318,M
Griselda,56,M
Guadalupe,6122,M
Gudalupe,1,M
Guido,229,M
Guillermina,4208,M
Guillermo,335,M
Günther,1,M
Gustavo,202,M
Hadasa,10,M
Haim,1,M
Halim,1,M
Hamal,1,M
Hamilton,1,M
Hamza,5,M
Han,1,M
Hanna,272,M
Hannah,90,M
Hans,22,M
Hansel,4,M
Harold,2,M
Haru,3,M
Hassan,7,M
Haziel,13,M
Hebe,13,M
Hector,60,M
Heidi,39,M
Heidy,11,M
Helen,62,M
Helena,2316,M
Helenna,7,M
Henry,33,M
Herman,3,M
Hermann,1,M
Hermes,8,M
Hernan,176,M
Hian,1,M
Hikari,1,M
Hilario,321,M
Hilel,11,M
Hipolito,92,M
Hipólito,34,M
Hiram,5,M
Homero,186,M
Honorio,3,M
Horacio,43,M
Horus,3,M
Hugo,66,M
Huilen,32,M
Humberto,18,M
Iaacob,23,M
Iacob,4,M
Iacov,5,M
Iago,45,M
Iair,21,M
Iam,14,M
Ian,2588,M
Ianko,2,M
Iara,585,M
Ibrahim,26,M
Iehuda,7,M
Igancio,4,M
Ignaci,3,M
Ignacio,6485,M
Ignazio,9,M
Igor,24,M
Iham,1,M
Ihan,11,M
Ikal,3,M
Iker,285,M
Ilai,3,M
Ilan,26,M
Ilán,24,M
Ilana,8,M
Ilario,3,M
Ilhan,1,M
Ilia,5,M
Ilse,1,M
Imanol,213,M
Ina,9,M
Indalecio,50,M
India,188,M
Indiana,575,M
Indio,81,M
Indira,299,M
Indra,15,M
Ines,681,M
Inés,447,M
Ingrid,175,M
Inna,4,M
Inti,34,M
Iñaki,461,M
Iñaky,3,M
Iñaqui,5,M
Iñigo,8,M
Ioel,5,M
Ionatan,12,M
Iorio,1,M
Iosef,26,M
Ioshua,1,M
Iosu,1,M
Iran,2,M
Irene,232,M
Irina,569,M
Irinea,1,M
Iris,97,M
Irma,4,M
Irupe,69,M
Irupé,59,M
Isaac,238,M
Isaak,4,M
Isabel,1201,M
Isabela,577,M
Isabella,13255,M
Isac,5,M
Isael,5,M
Isaias,417,M
Isaías,137,M
Ishai,4,M
Isidoro,22,M
Isidro,441,M
Isis,72,M
Ismael,488,M
Israel,62,M
Issac,6,M
Italo,72,M
Itam,2,M
Itamar,2,M
Itan,1,M
Itay,3,M
Ithan,1,M
Ithiel,14,M
Itiel,4,M
Itziar,6,M
Itzjak,9,M
Ivan,1125,M
Ivana,94,M
Ivanna,24,M
Ivar,8,M
Ivo,465,M
Izan,16,M
Jacinta,248,M
Jacinto,137,M
Jack,29,M
Jackson,6,M
Jaco,19,M
Jacob,20,M
Jacobo,43,M
Jacques,2,M
Jade,110,M
Jaden,3,M
Jadiel,1,M
Jael,108,M
Jahaziel,14,M
Jahir,3,M
Jaim,10,M
Jaime,112,M
Jaina,4,M
Jair,37,M
Jairo,82,M
Jake,2,M
Jalil,7,M
Jamal,9,M
James,23,M
Jamil,2,M
Jan,17,M
Jana,406,M
Janis,9,M
Janna,67,M
Jano,705,M
Jaqueline,54,M
Jared,15,M
Jasiel,2,M
Jasmin,39,M
Jason,22,M
Javier,316,M
Jazhiel,1,M
Jaziel,4,M
Jazmin,4538,M
Jazmín,1417,M
Jean,7,M
Jeferson,7,M
Jefferson,19,M
Jehiel,22,M
Jenaro,128,M
Jennifer,284,M
Jeremias,2540,M
Jeremy,31,M
Jerome,6,M
Jeronimo,1008,M
Jerónimo,192,M
Jerry,3,M
Jeshua,6,M
Jessia,1,M
Jessica,52,M
Jesus,130,M
Jesús,23,M
Jeziel,3,M
Jhadiel,2,M
Jhamil,6,M
Jhanna,1,M
Jhano,1,M
Jheferson,8,M
Jheyson,3,M
Jhimy,2,M
Jhoan,5,M
Jhoana,8,M
Jhoel,38,M
Jhon,9,M
Jhonatan,24,M
Jhonathan,1,M
Jhonny,9,M
Jhony,2,M
Jhordan,4,M
Jhostin,1,M
Jian,3,M
Jim,3,M
Jimena,233,M
Jimmy,17,M
Jimy,1,M
Joaco,1,M
Joakin,1,M
Joan,91,M
Joao,25,M
Joaquim,14,M
Joaquin,10207,M
Joaquín,2115,M
Joaquina,1378,M
Joas,4,M
Jocelyn,75,M
Joe,3,M
Joel,542,M
Joey,6,M
Johan,17,M
Johana,79,M
Johann,51,M
Johel,2,M
John,30,M
Johnny,39,M
Jon,7,M
Jonas,563,M
Jonás,311,M
Jonatan,97,M
Jonathan,490,M
Joni,1,M
Jordan,22,M
Jordán,29,M
Jordi,20,M
Jorge,97,M
Jose,287,M
José,56,M
Josef,1,M
Josefina,6757,M
Joselin,174,M
Joselyn,27,M
Josemaria,6,M
Joseph,15,M
Joshua,49,M
Joshue,2,M
Josias,63,M
Josías,19,M
Josue,387,M
Jowel,2,M
Juan,1664,M
Juana,6976,M
Juance,3,M
Juani,1,M
Juanita,681,M
Juanjo,10,M
Juano,41,M
Juanse,63,M
Juaquin,3,M
Julen,9,M
Julia,3886,M
Julian,2923,M
Julián,1,M
Juliana,2267,M
Julianna,12,M
Juliano,39,M
Julie,8,M
Julien,1,M
Juliet,6,M
Julieta,6791,M
Julietta,9,M
Juliette,17,M
Julio,90,M
Junior,67,M
Juniors,1,M
Juno,4,M
Junxi,1,M
Justin,29,M
Justina,1353,M
Justino,162,M
Justo,376,M
Juthiel,2,M
Kabir,2,M
Kadir,1,M
Kael,6,M
Kai,24,M
Kailani,2,M
Kala,25,M
Kalani,5,M
Kaleb,2,M
Kaled,13,M
Kalei,4,M
Kalel,3,M
Kalem,1,M
Kalen,3,M
Kaleth,2,M
Kalev,1,M
Kamil,21,M
Kamila,58,M
Kamilo,5,M
Karen,143,M
Karim,39,M
Karina,95,M
Karla,19,M
Karol,2,M
Katerina,71,M
Katherine,106,M
Kathya,1,M
Katia,109,M
Katie,1,M
Katja,8,M
Katriel,7,M
Katya,33,M
Kavan,1,M
Kay,1,M
Kayden,3,M
Kayla,31,M
Kazuo,2,M
Keanu,9,M
Kei,1,M
Keila,186,M
Keily,2,M
Keira,19,M
Kely,1,M
Ken,5,M
Kenai,25,M
Kenan,1,M
Kenay,13,M
Kendall,3,M
Kendrick,1,M
Kenji,2,M
Kenneth,8,M
Kenny,4,M
Kenzo,9,M
Keren,23,M
Kevin,879,M
Keyla,118,M
Khadim,1,M
Khaled,3,M
Khaleesi,2,M
Khalil,18,M
Khiara,4,M
Khloe,1,M
Kian,13,M
Kiara,1295,M
Kilian,12,M
Killian,8,M
Kim,4,M
Kimberly,51,M
Kimey,34,M
Kimi,11,M
Kinan,2,M
Kioshi,1,M
Kira,23,M
Kirill,1,M
Klaus,4,M
Koa,1,M
Konstantin,6,M
Kristel,4,M
Kristen,3,M
Kume,2,M
Kurt,7,M
Kyara,81,M
Kyle,1,M
Ladislao,16,M
Laia,108,M
Laira,2,M
Lalo,4,M
Landon,1,M
Lara,2546,M
Larami,1,M
Lars,2,M
Laszlo,7,M
Laura,114,M
Laureano,852,M
Laurencio,26,M
Laureno,1,M
Laurent,2,M
Lauriano,7,M
Lautaro,6236,M
Lazaro,522,M
Lazzaro,7,M
Lea,42,M
Lean,1,M
Leandro,926,M
Leda,6,M
Lee,1,M
Leia,58,M
Leidy,2,M
Leila,150,M
Leire,49,M
Leivi,2,M
Lemuel,11,M
Lena,150,M
Lenka,3,M
Lenna,13,M
Lennon,15,M
Lenny,39,M
Leo,179,M
Leon,1427,M
León,1082,M
Leona,10,M
Leonard,4,M
Leonardo,570,M
Leoncio,6,M
Leone,3,M
Leonel,1122,M
Leonela,188,M
Leonidas,167,M
Leonor,37,M
Leopoldo,59,M
Leroy,9,M
Leslie,21,M
Leticia,214,M
Lev,5,M
Levi,33,M
Levy,1,M
Leyla,56,M
Leyton,2,M
Lia,46,M
Liam,330,M
Lian,88,M
Liana,10,M
Liang,3,M
Libertad,127,M
Lidia,33,M
Lihue,29,M
Lihuel,43,M
Lihuen,39,M
Lihuén,6,M
Lila,227,M
Lilian,16,M
Limay,1,M
Limber,6,M
Lin,12,M
Lina,144,M
Lino,46,M
Lion,14,M
Lionel,799,M
Lior,16,M
Lisa,235,M
Lisandro,2111,M
Lisbeth,32,M
Liseth,17,M
Lissa,13,M
Lissandro,15,M
Lisset,15,M
Livio,1,M
Liz,489,M
Lizandro,42,M
Lizbeth,29,M
Lizeth,26,M
Loan,2,M
Loana,149,M
Lobo,2,M
Logan,14,M
Lola,5510,M
Lorenzo,5327,M
Lorien,5,M
Lorna,8,M
Lourdes,1666,M
Lua,142,M
Lúa,6,M
Luan,53,M
Luana,1495,M
Luanna,10,M
Luc,7,M
Luca,2674,M
Lucas,3580,M
Lucca,401,M
Lucciano,30,M
Lucero,100,M
Lucia,2160,M
Lucía,3984,M
Lucian,34,M
Luciana,1653,M
Luciano,2365,M
Luciel,1,M
Lucien,4,M
Lucila,766,M
Lucio,2116,M
Lucrecia,247,M
Lucy,47,M
Ludmila,1532,M
Ludovico,88,M
Ludwig,2,M
Luian,1,M
Luiggi,3,M
Luigi,17,M
Luis,221,M
Luisa,340,M
Luisana,1183,M
Luisiana,92,M
Luisina,1104,M
Lujan,511,M
Luka,287,M
Lukas,49,M
Luken,2,M
Luma,9,M
Luna,1374,M
Lupe,792,M
Lurdes,9,M
Luz,1360,M
Lyam,5,M
Lyan,1,M
Maaian,1,M
Mabel,31,M
Macarena,435,M
Maceo,1,M
Maciel,19,M
Maddox,3,M
Madeleine,53,M
Madeline,21,M
Madelyn,2,M
Mae,13,M
Mael,13,M
Magali,600,M
Magalí,95,M
Magda,10,M
Magdalena,666,M
Magdiel,1,M
Magin,8,M
Magno,7,M
Magnolia,6,M
Maia,1685,M
Maica,27,M
Maico,69,M
Maicol,26,M
Maicon,3,M
Maika,32,M
Maikol,2,M
Mailen,599,M
Maily,10,M
Maira,95,M
Maite,1466,M
Maitena,975,M
Maithe,1,M
Maksim,3,M
Malaika,6,M
Malakai,1,M
Malek,35,M
Malena,4786,M
Malik,11,M
Malvina,154,M
Manolo,34,M
Manon,9,M
Manu,51,M
Manuel,3633,M
Manuela,879,M
Mao,1,M
Maor,1,M
Mara,174,M
Marc,31,M
Marcel,10,M
Marcela,40,M
Marcelino,39,M
Marcello,1,M
Marcelo,115,M
Marcial,19,M
Marcio,7,M
Marco,419,M
Marcos,996,M
Marcus,15,M
Marek,7,M
Margarita,916,M
Maria,531,M
María,153,M
Mariam,16,M
Marian,5,M
Mariana,321,M
Mariano,717,M
Marie,8,M
Marilyn,30,M
Marina,165,M
Marino,22,M
Mario,74,M
Marjorie,3,M
Mark,7,M
Marko,24,M
Markus,12,M
Marlene,119,M
Marley,2,M
Marlin,1,M
Marlon,8,M
Maron,3,M
Martin,1069,M
Martín,1686,M
Martina,14080,M
Martiniano,553,M
Martino,634,M
Marty,1,M
Marvin,5,M
Maryam,8,M
Mason,3,M
Massimiliano,2,M
Massimo,77,M
Mateo,10259,M
Mateos,4,M
Mateus,3,M
Matheo,496,M
Matheus,19,M
Mathew,3,M
Mathias,84,M
Mathieu,4,M
Mathilda,41,M
Mathis,3,M
Matias,3170,M
Matías,642,M
Matilda,1977,M
Matilde,491,M
Matteo,493,M
Mattheo,2,M
Matthew,11,M
Matthias,4,M
Mattia,18,M
Maura,72,M
Mauricio,329,M
Maurizio,5,M
Mauro,316,M
Max,81,M
Maxi,10,M
Maxim,18,M
Maximiano,4,M
Maximilano,1,M
Maximilian,10,M
Maximiliano,1125,M
Maximino,4,M
Maximo,4054,M
Máximo,1006,M
Maximus,3,M
Maxwell,3,M
Maya,43,M
Maycol,36,M
Mayerlin,2,M
Mayerly,7,M
Maylen,179,M
Maylin,10,M
Maylo,3,M
Mayra,140,M
Mayron,6,M
Mayte,116,M
Mayumi,1,M
Medardo,2,M
Megan,35,M
Meghan,1,M
Meir,20,M
Melanie,281,M
Melanny,1,M
Melany,347,M
Melian,8,M
Melina,664,M
Melisa,210,M
Melodi,5,M
Melody,214,M
Melvin,3,M
Menajem,4,M
Mendel,6,M
Mercedes,795,M
Mercury,2,M
Merlin,24,M
Merlín,3,M
Merlina,232,M
Mia,4422,M
Mía,611,M
Miah,2,M
Micael,22,M
Micaela,1902,M
Micaias,8,M
Michael,79,M
Michel,42,M
Michele,1,M
Michelle,120,M
Miguel,232,M
Mihail,1,M
Mijael,37,M
Mijail,29,M
Mijal,36,M
Mika,24,M
Mikael,15,M
Mike,4,M
Mikeas,12,M
Mikeila,13,M
Mikel,19,M
Mikhail,9,M
Mikko,6,M
Mila,223,M
Milagro,60,M
Milagros,2473,M
Milan,69,M
Milano,3,M
Milciades,3,M
Mileidy,2,M
Milena,1534,M
Milenko,1,M
Milet,1,M
Mileva,18,M
Miley,13,M
Milko,4,M
Millan,2,M
Millie,14,M
Milo,1856,M
Milos,18,M
Milovan,9,M
Milton,176,M
Mina,10,M
Minerva,26,M
Miqueas,186,M
Miranda,383,M
Mirco,22,M
Mirella,28,M
Mirka,5,M
Mirko,617,M
Miro,2,M
Miroslav,5,M
Mirosmar,2,M
Misael,179,M
Misaki,2,M
Mishel,3,M
Mizael,1,M
Moana,3,M
Mohamed,6,M
Mohammed,2,M
Moira,73,M
Moises,59,M
Monserrat,44,M
Mora,2970,M
Mordejai,2,M
Morella,212,M
Morena,4318,M
Moreno,8,M
Morgan,6,M
Morgana,10,M
Moro,78,M
Morrison,2,M
Moshe,18,M
Moshé,12,M
Muna,32,M
Munay,6,M
Muriel,103,M
Mustafá,3,M
Mylan,1,M
Nabil,13,M
Nacho,9,M
Nadia,83,M
Nadine,28,M
Nadir,11,M
Nael,14,M
Naela,2,M
Nagual,9,M
Nahel,2,M
Nahiara,1084,M
Nahiel,1,M
Nahieli,2,M
Nahir,85,M
Nahira,2,M
Nahomi,7,M
Nahuel,1256,M
Nahum,27,M
Nahun,3,M
Nahyara,3,M
Naiam,1,M
Naiara,301,M
Nail,1,M
Naila,22,M
Naim,65,M
Naíma,2,M
Nair,16,M
Nairo,1,M
Nala,7,M
Nancy,54,M
Nano,3,M
Naomi,371,M
Napoleón,2,M
Narayan,4,M
Narciso,5,M
Narek,4,M
Narella,154,M
Nasim,3,M
Natacha,62,M
Natael,2,M
Natalia,277,M
Natalie,21,M
Natalio,26,M
Nataly,77,M
Natan,32,M
Natanael,289,M
Natanahel,6,M
Nataniel,5,M
Natasha,353,M
Nathael,2,M
Nathalie,8,M
Nathaly,2,M
Nathan,37,M
Nathanael,16,M
Nathaniel,6,M
Natiel,1,M
Natsumi,1,M
Nayeli,36,M
Nayla,255,M
Nazarena,223,M
Nazareno,800,M
Nazareth,3,M
Nazario,11,M
Nehemias,237,M
Nehuel,54,M
Nehuen,471,M
Neiber,8,M
Neiel,2,M
Neil,5,M
Neimar,13,M
Neitan,3,M
Neithan,3,M
Nelson,57,M
Nemias,1,M
Neo,4,M
Nerea,141,M
Nereo,26,M
Neri,9,M
Nerina,107,M
Nero,7,M
Nerón,1,M
Nery,1,M
Nesta,4,M
Nestor,37,M
Néstor,9,M
Netanel,9,M
Newen,28,M
Neyen,23,M
Neyla,2,M
Neymar,95,M
Neythan,2,M
Nia,4,M
Nicanor,248,M
Nicasio,21,M
Nicco,2,M
Nicholas,9,M
Nick,7,M
Nickolas,1,M
Nico,8,M
Nicol,107,M
Nicola,19,M
Nicolas,3603,M
Nicolás,953,M
Nicole,970,M
Nicolino,17,M
Nicolle,20,M
Nicoló,3,M
Nieves,10,M
Nihuel,4,M
Nikki,2,M
Niklas,3,M
Niko,15,M
Nikola,5,M
Nikolai,4,M
Nikolay,7,M
Nil,5,M
Nilda,6,M
Nilo,59,M
Nilson,2,M
Nina,1630,M
Ninna,16,M
Nino,140,M
Nisim,2,M
Nissim,5,M
Nitai,2,M
Noa,83,M
Noah,431,M
Noam,20,M
Noan,1,M
Noe,11,M
Noé,10,M
Noel,24,M
Noemi,79,M
Noha,71,M
Nohan,1,M
Nolan,5,M
Nolasco,1,M
Noor,1,M
Norberto,6,M
Norma,14,M
Norman,2,M
Novak,15,M
Numa,29,M
Nuna,6,M
Nuno,4,M
Nuriel,3,M
Obadia,5,M
Octavio,1835,M
Odin,4,M
Ofelia,30,M
Oihan,1,M
Olaf,8,M
Olga,10,M
Oliver,266,M
Oliverio,120,M
Olivia,5877,M
Olivier,19,M
Omar,60,M
Omer,1,M
Orel,1,M
Oriana,1140,M
Orianna,25,M
Oriel,21,M
Orion,24,M
Orlando,17,M
Ornela,38,M
Ornella,473,M
Oscar,80,M
Osher,1,M
Osias,2,M
Osiel,1,M
Osiris,6,M
Osmar,14,M
Ostin,2,M
Osvaldo,21,M
Otoniel,8,M
Otto,101,M
Ovadia,2,M
Ovidio,8,M
Owen,124,M
Oziel,24,M
Pablino,2,M
Pablo,363,M
Paco,31,M
Paloma,2140,M
Pamela,71,M
Pampa,1,M
Paolo,33,M
Paris,19,M
Pascal,5,M
Pascual,18,M
Pastor,7,M
Patricio,650,M
Patrick,3,M
Patrik,1,M
Pau,25,M
Paul,66,M
Paula,1199,M
Paulina,2606,M
Paulo,64,M
Paz,679,M
Pedro,5334,M
Pehuen,15,M
Pericles,1,M
Perla,81,M
Perseo,31,M
Peter,8,M
Petra,34,M
Philippe,8,M
Pia,222,M
Pía,931,M
Pier,11,M
Pierina,230,M
Pierino,4,M
Piero,92,M
Pierre,20,M
Pietro,124,M
Pilar,4505,M
Pincén,1,M
Pío,4,M
Placido,1,M
Pol,13,M
Polo,23,M
Priamo,2,M
Priscila,1010,M
Quimey,47,M
Quino,1,M
Quinto,12,M
Rachel,39,M
Radamel,17,M
Rafa,7,M
Rafael,1112,M
Rafaela,317,M
Raffaello,3,M
Raffi,2,M
Ragnar,3,M
Raian,4,M
Rajel,17,M
Ralph,6,M
Ramiro,3135,M
Ramiz,2,M
Ramon,172,M
Ramón,111,M
Ramona,22,M
Ramses,3,M
Ramsés,5,M
Raphael,13,M
Raquel,49,M
Rashid,5,M
Raul,41,M
Rayan,3,M
Raymi,3,M
Raymond,1,M
Raymundo,2,M
Rebeca,318,M
Rebecca,97,M
Reggina,37,M
Regina,473,M
Reinaldo,15,M
Remo,13,M
Ren,1,M
Renán,4,M
Renata,5377,M
Renatha,1,M
Renato,383,M
Renatta,93,M
Renatto,5,M
Rene,19,M
René,20,M
Renée,2,M
Renzo,1067,M
Reubén,2,M
Rey,4,M
Reynaldo,19,M
Rhiana,1,M
Ricardo,115,M
Richard,27,M
Riduan,1,M
Ringo,88,M
Rino,1,M
Rio,21,M
Rita,101,M
Rito,1,M
Robert,6,M
Roberta,37,M
Robertino,114,M
Roberto,59,M
Robin,6,M
Robinson,6,M
Rocco,407,M
Rocio,668,M
Rocío,396,M
Roddy,1,M
Rodolfo,36,M
Rodrigo,829,M
Rogelio,24,M
Roger,36,M
Roi,3,M
Roland,1,M
Rolando,26,M
Roma,109,M
Roman,856,M
Romanella,83,M
Romano,17,M
Romario,3,M
Romel,2,M
Romeo,542,M
Romina,220,M
Romulo,9,M
Rómulo,10,M
Ron,1,M
Ronal,2,M
Ronald,35,M
Ronaldo,36,M
Roni,17,M
Ronny,1,M
Rooney,3,M
Roque,91,M
Rosa,66,M
Rosario,1157,M
Roselyn,3,M
Rosendo,19,M
Roy,42,M
Ruben,54,M
Rubén,17,M
Rubí,23,M
Rubina,1,M
Rudy,5,M
Rufina,70,M
Rufino,148,M
Rufo,7,M
Ruilin,2,M
Russel,2,M
Rut,20,M
Ruth,140,M
Ruy,6,M
Ryan,48,M
Ryduan,8,M
Sabatino,1,M
Sabino,74,M
Sabrina,399,M
Sacha,21,M
Safira,16,M
Sahib,1,M
Sahid,3,M
Sahir,7,M
Said,51,M
Saimon,2,M
Sair,3,M
Salim,6,M
Salma,71,M
Salomé,22,M
Salomon,7,M
Salomón,8,M
Salvador,3272,M
Salvatore,48,M
Salvattore,1,M
Sam,7,M
Samael,4,M
Samantha,44,M
Samara,68,M
Sami,34,M
Samiel,1,M
Samir,176,M
Samira,397,M
Samuel,1012,M
Samuele,2,M
Sander,2,M
Sandino,6,M
Sandro,33,M
Santhiago,1,M
Santhino,4,M
Santi,5,M
Santiago,10051,M
Santiel,4,M
Santina,191,M
Santino,11973,M
Santo,24,M
Santos,303,M
Saori,1,M
Sara,1597,M
Sarah,207,M
Sarai,92,M
Sarin,2,M
Sasha,63,M
Saskia,1,M
Sathya,20,M
Satoshi,2,M
Saul,43,M
Saúl,10,M
Savino,1,M
Sayen,22,M
Scarlett,6,M
Sean,6,M
Sebastian,2096,M
Sébastien,5,M
Segundo,439,M
Selena,566,M
Selene,420,M
Selim,1,M
Selva,43,M
Serafín,17,M
Serena,458,M
Sergio,83,M
Seth,2,M
Severiano,16,M
Severino,20,M
Shadia,7,M
Shael,2,M
Shai,6,M
Shaiel,62,M
Shair,10,M
Shalom,2,M
Shamir,11,M
Shanti,3,M
Sharif,5,M
Sharik,1,M
Sharon,125,M
Shaul,2,M
Shayra,1,M
Sheila,161,M
Shelomo,10,M
Sheyla,20,M
Shimon,1,M
Shirel,22,M
Shirley,36,M
Shirly,3,M
Shiva,1,M
Shlomo,1,M
Shmuel,11,M
Sienna,49,M
Silas,6,M
Silverio,5,M
Silvestre,168,M
Silvia,21,M
Silvio,16,M
Simeón,1,M
Simon,5089,M
Simona,630,M
Simone,14,M
Sinai,3,M
Sion,3,M
Siria,4,M
Siriana,12,M
Siro,144,M
Sixto,28,M
Smith,1,M
Sofia,9672,M
Sofía,3024,M
Sol,1798,M
Solange,417,M
Solano,8,M
Sonia,32,M
Sonny,3,M
Sophia,266,M
Soraya,12,M
Stanislao,2,M
Stanley,3,M
Stefan,6,M
Stefani,29,M
Stefania,105,M
Stefanno,3,M
Stefano,840,M
Steffano,5,M
Stephan,2,M
Stephano,3,M
Steve,5,M
Steven,46,M
Stewart,1,M
Sttefano,1,M
Summer,5,M
Suri,16,M
Surya,5,M
Susan,3,M
Suyai,7,M
Sven,3,M
Tabaré,16,M
Tadashi,1,M
Taddeo,5,M
Tadeo,532,M
Tahiara,3,M
Tahiel,440,M
Tahir,5,M
Tai,11,M
Taiel,70,M
Taina,104,M
Taio,2,M
Tais,54,M
Tali,52,M
Talia,13,M
Tamar,29,M
Tamara,147,M
Tamir,9,M
Tango,2,M
Tania,396,M
Tanya,17,M
Tao,41,M
Taras,1,M
Tarek,15,M
Tarik,2,M
Tarsicio,1,M
Tatiana,606,M
Tayel,2,M
Tayler,1,M
Taylor,6,M
Tayra,8,M
Tehuel,1,M
Telma,22,M
Telmo,10,M
Teo,1190,M
Teodelina,35,M
Teodoro,67,M
Teofilo,12,M
Teófilo,8,M
Teresa,95,M
Teresita,80,M
Teseo,29,M
Tessa,14,M
Thadeo,18,M
Thai,5,M
Thaiel,65,M
Thair,1,M
Thais,77,M
Thales,2,M
Thalia,21,M
Theo,687,M
Théo,55,M
Theodoro,2,M
Thiago,5915,M
Thiam,7,M
Thian,159,M
Thiana,10,M
Thiano,2,M
Thiziano,12,M
Thobias,1,M
Thomas,692,M
Thor,3,M
Thyago,1,M
Thyan,2,M
Tiago,597,M
Tian,76,M
Tiana,138,M
Tianna,5,M
Tiano,17,M
Tiara,194,M
Tiberio,1,M
Ticiano,83,M
Tico,2,M
Tifany,2,M
Tiffany,56,M
Tigran,4,M
Tihago,15,M
Tihana,4,M
Tikal,1,M
Timo,11,M
Timón,1,M
Timoteo,270,M
Timothy,5,M
Timur,6,M
Tina,45,M
Tino,6,M
Tirso,4,M
Tito,9,M
Tiziana,1376,M
Tiziano,3547,M
Tizziano,43,M
Tobias,1586,M
Tom,20,M
Tomas,3005,M
Tomás,8,M
Tomàs,5072,M
Tomer,6,M
Tommy,51,M
Tomy,34,M
Toni,12,M
Tonino,1,M
Tonio,1,M
Tonny,2,M
Tony,55,M
Torcuato,18,M
Toribio,42,M
Torino,1,M
Triana,99,M
Trinidad,902,M
Tristan,6,M
Tristán,10,M
Tulio,18,M
Tupac,49,M
Tyler,3,M
Tyrone,2,M
Tzvi,2,M
Uciel,2,M
Uliana,6,M
Ulices,7,M
Ulises,1292,M
Ulisse,1,M
Ulisses,3,M
Ulyses,1,M
Ulysses,6,M
Uma,2684,M
Umi,3,M
Umma,554,M
Ummi,4,M
Unai,18,M
Unay,4,M
Urbano,7,M
Uri,6,M
Urias,2,M
Uriel,837,M
Urko,1,M
Ursula,176,M
Usain,2,M
Uzias,4,M
Uzías,1,M
Uziel,88,M
Vadim,3,M
Vagner,1,M
Valentin,4729,M
Valentina,10924,M
Valentino,10564,M
Valeria,235,M
Valeriano,7,M
Valerio,15,M
Valetino,2,M
Vanesa,81,M
Vanessa,8,M
Vanina,42,M
Vartan,3,M
Vasco,3,M
Venancio,23,M
Venecia,105,M
Venero,2,M
Venicio,19,M
Venizio,1,M
Vera,705,M
Verena,32,M
Vicca,1,M
Viccenzo,2,M
Vicco,2,M
Vicente,2450,M
Vicentina,23,M
Vicentino,33,M
Vicenzo,22,M
Vico,15,M
Victor,99,M
Victoria,7542,M
Victoriano,24,M
Victorino,28,M
Victorio,147,M
Vida,33,M
Vidal,3,M
Viggo,39,M
Vigo,5,M
Viken,1,M
Viko,3,M
Vilko,2,M
Vincent,24,M
Vincenzo,61,M
Vinicio,11,M
Vinicius,21,M
Vinko,4,M
Violeta,1671,M
Virgilio,10,M
Virginia,387,M
Virginio,1,M
Vita,19,M
Vitali,5,M
Vito,740,M
Vitto,146,M
Vittorino,1,M
Vittorio,300,M
Vlad,1,M
Vladimir,214,M
Wallace,5,M
Walter,53,M
Wara,12,M
Wari,4,M
Wayra,13,M
Wenceslao,53,M
Wendy,128,M
Wilber,4,M
Wilder,8,M
Wilfredo,16,M
Wilfrido,2,M
Wili,1,M
Wiliam,2,M
Wilian,2,M
Willan,2,M
Willi,3,M
William,173,M
Williams,43,M
Willian,30,M
Willis,6,M
Willy,1,M
Wilmar,4,M
Wilson,61,M
Xamira,4,M
Xantino,5,M
Xavi,24,M
Xavier,88,M
Xi,1,M
Xian,7,M
Ximena,120,M
Xiomara,609,M
Xoel,3,M
Yaco,57,M
Yacu,1,M
Yadiel,2,M
Yadir,7,M
Yael,87,M
Yago,121,M
Yahel,2,M
Yahir,44,M
Yahya,1,M
Yaima,1,M
Yair,96,M
Yako,6,M
Yaku,10,M
Yamal,14,M
Yamandu,2,M
Yamil,161,M
Yamilet,1,M
Yamir,40,M
Yan,2,M
Yandel,21,M
Yann,9,M
Yannick,8,M
Yao,2,M
Yara,14,M
Yariel,2,M
Yaro,2,M
Yaron,1,M
Yasin,4,M
Yasir,2,M
Yasira,8,M
Yasmín,40,M
Yasmir,2,M
Yasser,5,M
Yatel,3,M
Yazid,3,M
Yazmin,248,M
Yeferson,13,M
Yehonatan,1,M
Yehoshua,1,M
Yehuda,4,M
Yemil,3,M
Yeraldin,1,M
Yeray,5,M
Yeremi,1,M
Yerik,5,M
Yerko,4,M
Yesenia,9,M
Yhoan,2,M
Yhordy,1,M
Yichen,4,M
Yifan,1,M
Yoan,1,M
Yocelin,3,M
Yoel,90,M
Yohana,15,M
Yohel,4,M
Yoko,5,M
Yonatan,10,M
Yonathan,28,M
Yosef,15,M
Yoselyn,4,M
Yotuel,1,M
Yu,2,M
Yuan,2,M
Yudith,12,M
Yui,5,M
Yulian,7,M
Yuliana,147,M
Yuliano,4,M
Yuri,33,M
Yuriana,3,M
Yustin,1,M
Yuthiel,77,M
Yutiel,18,M
Zac,2,M
Zacarias,26,M
Zacarías,11,M
Zack,2,M
Zadkiel,7,M
Zadquiel,25,M
Zahid,2,M
Zahir,78,M
Zaid,16,M
Zair,35,M
Zaira,612,M
Zamara,7,M
Zamiel,7,M
Zamir,16,M
Zamira,291,M
Zantino,23,M
Zaquiel,3,M
Zara,109,M
Zein,1,M
Zenon,11,M
Zenón,9,M
Zeus,10,M
Zhamira,6,M
Zia,1,M
Zinedine,6,M
Zion,25,M
Ziyan,1,M
Zlatan,4,M
Zoe,3189,M
Zoé,6,M
Zoilo,7,M
Zulay,2,M
Zuriel,3,M
Zury,2,M
